Pathway,Year1,Sector,Investments
LTS,2050,LULUCF - Forest land,0.618681657
LTS,2049,LULUCF - Forest land,0.61136557
LTS,2048,LULUCF - Forest land,0.60091412
LTS,2047,LULUCF - Forest land,0.586657008
LTS,2046,LULUCF - Forest land,0.5715694
LTS,2045,LULUCF - Forest land,0.555757496
LTS,2044,LULUCF - Forest land,0.539297161
LTS,2043,LULUCF - Forest land,0.522170123
LTS,2042,LULUCF - Forest land,0.504289078
LTS,2041,LULUCF - Forest land,0.485581517
LTS,2040,LULUCF - Forest land,0.466468993
LTS,2039,LULUCF - Forest land,0.446963176
LTS,2038,LULUCF - Forest land,0.42717455
LTS,2037,LULUCF - Forest land,0.407291709
LTS,2036,LULUCF - Forest land,0.387588224
LTS,2035,LULUCF - Forest land,0.368375238
LTS,2034,LULUCF - Forest land,0.349752287
LTS,2033,LULUCF - Forest land,0.331610225
LTS,2032,LULUCF - Forest land,0.31369838
LTS,2031,LULUCF - Forest land,0.295294369
LTS,2030,LULUCF - Forest land,0.276118851
LTS,2029,LULUCF - Forest land,0.255997456
LTS,2028,LULUCF - Forest land,0.234813993
LTS,2027,LULUCF - Forest land,0.212220316
LTS,2026,LULUCF - Forest land,0.187129456
LTS,2025,LULUCF - Forest land,0.155165272
LTS,2024,LULUCF - Forest land,0
LTS,2023,LULUCF - Forest land,0
LTS,2050,AG - Livestock (manure),0
LTS,2049,AG - Livestock (manure),0
LTS,2048,AG - Livestock (manure),0
LTS,2047,AG - Livestock (manure),0
LTS,2046,AG - Livestock (manure),0
LTS,2045,AG - Livestock (manure),0
LTS,2044,AG - Livestock (manure),0
LTS,2043,AG - Livestock (manure),0
LTS,2042,AG - Livestock (manure),0
LTS,2041,AG - Livestock (manure),0
LTS,2040,AG - Livestock (manure),0
LTS,2039,AG - Livestock (manure),0
LTS,2038,AG - Livestock (manure),0
LTS,2037,AG - Livestock (manure),0
LTS,2036,AG - Livestock (manure),0
LTS,2035,AG - Livestock (manure),0
LTS,2034,AG - Livestock (manure),0
LTS,2033,AG - Livestock (manure),0
LTS,2032,AG - Livestock (manure),0
LTS,2031,AG - Livestock (manure),0
LTS,2030,AG - Livestock (manure),0
LTS,2029,AG - Livestock (manure),0
LTS,2028,AG - Livestock (manure),0
LTS,2027,AG - Livestock (manure),0
LTS,2026,AG - Livestock (manure),0
LTS,2025,AG - Livestock (manure),0
LTS,2024,AG - Livestock (manure),0
LTS,2023,AG - Livestock (manure),0
LTS,2050,Waste - Wastewater (liquid waste),0
LTS,2049,Waste - Wastewater (liquid waste),0
LTS,2048,Waste - Wastewater (liquid waste),0
LTS,2047,Waste - Wastewater (liquid waste),0
LTS,2046,Waste - Wastewater (liquid waste),0
LTS,2045,Waste - Wastewater (liquid waste),0
LTS,2044,Waste - Wastewater (liquid waste),0
LTS,2043,Waste - Wastewater (liquid waste),0
LTS,2042,Waste - Wastewater (liquid waste),0
LTS,2041,Waste - Wastewater (liquid waste),0
LTS,2040,Waste - Wastewater (liquid waste),0
LTS,2039,Waste - Wastewater (liquid waste),0
LTS,2038,Waste - Wastewater (liquid waste),0
LTS,2037,Waste - Wastewater (liquid waste),0
LTS,2036,Waste - Wastewater (liquid waste),0
LTS,2035,Waste - Wastewater (liquid waste),0
LTS,2034,Waste - Wastewater (liquid waste),0
LTS,2033,Waste - Wastewater (liquid waste),0
LTS,2032,Waste - Wastewater (liquid waste),0
LTS,2031,Waste - Wastewater (liquid waste),0
LTS,2030,Waste - Wastewater (liquid waste),0
LTS,2029,Waste - Wastewater (liquid waste),0
LTS,2028,Waste - Wastewater (liquid waste),0
LTS,2027,Waste - Wastewater (liquid waste),0
LTS,2026,Waste - Wastewater (liquid waste),0
LTS,2025,Waste - Wastewater (liquid waste),0
LTS,2024,Waste - Wastewater (liquid waste),0
LTS,2023,Waste - Wastewater (liquid waste),0
LTS,2050,Waste - Wastewater treatment (trww),2.939344669
LTS,2049,Waste - Wastewater treatment (trww),2.717847077
LTS,2048,Waste - Wastewater treatment (trww),2.508573465
LTS,2047,Waste - Wastewater treatment (trww),2.310933374
LTS,2046,Waste - Wastewater treatment (trww),2.124362661
LTS,2045,Waste - Wastewater treatment (trww),1.948323355
LTS,2044,Waste - Wastewater treatment (trww),1.782304111
LTS,2043,Waste - Wastewater treatment (trww),1.625814745
LTS,2042,Waste - Wastewater treatment (trww),1.478388492
LTS,2041,Waste - Wastewater treatment (trww),1.339580981
LTS,2040,Waste - Wastewater treatment (trww),1.20896975
LTS,2039,Waste - Wastewater treatment (trww),1.086152253
LTS,2038,Waste - Wastewater treatment (trww),0.970499411
LTS,2037,Waste - Wastewater treatment (trww),0.861734072
LTS,2036,Waste - Wastewater treatment (trww),0.759583835
LTS,2035,Waste - Wastewater treatment (trww),0.663781493
LTS,2034,Waste - Wastewater treatment (trww),0.574064866
LTS,2033,Waste - Wastewater treatment (trww),0.490177275
LTS,2032,Waste - Wastewater treatment (trww),0.411867749
LTS,2031,Waste - Wastewater treatment (trww),0.338890885
LTS,2030,Waste - Wastewater treatment (trww),0.271007112
LTS,2029,Waste - Wastewater treatment (trww),0.207982719
LTS,2028,Waste - Wastewater treatment (trww),0.149589449
LTS,2027,Waste - Wastewater treatment (trww),0.095644305
LTS,2026,Waste - Wastewater treatment (trww),0.045855397
LTS,2025,Waste - Wastewater treatment (trww),0
LTS,2024,Waste - Wastewater treatment (trww),0
LTS,2023,Waste - Wastewater treatment (trww),0
LTS,2050,Waste - Solid waste,0.387891993
LTS,2049,Waste - Solid waste,0.373630011
LTS,2048,Waste - Solid waste,0.359118038
LTS,2047,Waste - Solid waste,0.344110435
LTS,2046,Waste - Solid waste,0.328869135
LTS,2045,Waste - Solid waste,0.313393767
LTS,2044,Waste - Solid waste,0.297685268
LTS,2043,Waste - Solid waste,0.281742972
LTS,2042,Waste - Solid waste,0.265565984
LTS,2041,Waste - Solid waste,0.24915234
LTS,2040,Waste - Solid waste,0.232498247
LTS,2039,Waste - Solid waste,0.21559668
LTS,2038,Waste - Solid waste,0.198436587
LTS,2037,Waste - Solid waste,0.181016982
LTS,2036,Waste - Solid waste,0.16335829
LTS,2035,Waste - Solid waste,0.145510497
LTS,2034,Waste - Solid waste,0.12753372
LTS,2033,Waste - Solid waste,0.109465777
LTS,2032,Waste - Solid waste,0.091314311
LTS,2031,Waste - Solid waste,0.073072213
LTS,2030,Waste - Solid waste,0.054733093
LTS,2029,Waste - Solid waste,0.036296765
LTS,2028,Waste - Solid waste,0.017768574
LTS,2027,Waste - Solid waste,-0.000843205
LTS,2026,Waste - Solid waste,-0.000318949
LTS,2025,Waste - Solid waste,0.000205527
LTS,2024,Waste - Solid waste,0
LTS,2023,Waste - Solid waste,0
LTS,2050,IN - Industrial processes,3.669270882
LTS,2049,IN - Industrial processes,3.524084816
LTS,2048,IN - Industrial processes,3.381437762
LTS,2047,IN - Industrial processes,3.241298541
LTS,2046,IN - Industrial processes,3.103635989
LTS,2045,IN - Industrial processes,2.968419246
LTS,2044,IN - Industrial processes,2.835617667
LTS,2043,IN - Industrial processes,2.705200827
LTS,2042,IN - Industrial processes,2.577138612
LTS,2041,IN - Industrial processes,2.451400935
LTS,2040,IN - Industrial processes,2.327958026
LTS,2039,IN - Industrial processes,2.206780442
LTS,2038,IN - Industrial processes,2.087496427
LTS,2037,IN - Industrial processes,1.970137842
LTS,2036,IN - Industrial processes,1.854734577
LTS,2035,IN - Industrial processes,1.741314556
LTS,2034,IN - Industrial processes,1.629903766
LTS,2033,IN - Industrial processes,1.520526165
LTS,2032,IN - Industrial processes,1.413203789
LTS,2031,IN - Industrial processes,1.307956728
LTS,2030,IN - Industrial processes,1.204803142
LTS,2029,IN - Industrial processes,1.10375922
LTS,2028,IN - Industrial processes,1.00483915
LTS,2027,IN - Industrial processes,0.908304235
LTS,2026,IN - Industrial processes,0.813922964
LTS,2025,IN - Industrial processes,0
LTS,2024,IN - Industrial processes,0
LTS,2023,IN - Industrial processes,0
LTS,2050,EN - Industrial combustion,0.516252342
LTS,2049,EN - Industrial combustion,0.494207881
LTS,2048,EN - Industrial combustion,0.472315674
LTS,2047,EN - Industrial combustion,0.450384523
LTS,2046,EN - Industrial combustion,0.42865195
LTS,2045,EN - Industrial combustion,0.40712238
LTS,2044,EN - Industrial combustion,0.385796587
LTS,2043,EN - Industrial combustion,0.364671267
LTS,2042,EN - Industrial combustion,0.343738284
LTS,2041,EN - Industrial combustion,0.322983693
LTS,2040,EN - Industrial combustion,0.302387227
LTS,2039,EN - Industrial combustion,0.281923036
LTS,2038,EN - Industrial combustion,0.261521556
LTS,2037,EN - Industrial combustion,0.241177366
LTS,2036,EN - Industrial combustion,0.22091858
LTS,2035,EN - Industrial combustion,0.200814816
LTS,2034,EN - Industrial combustion,0.180943361
LTS,2033,EN - Industrial combustion,0.161337418
LTS,2032,EN - Industrial combustion,0.141973097
LTS,2031,EN - Industrial combustion,0.122794803
LTS,2030,EN - Industrial combustion,0.10373992
LTS,2029,EN - Industrial combustion,0.084748171
LTS,2028,EN - Industrial combustion,0.065760902
LTS,2027,EN - Industrial combustion,0.046732294
LTS,2026,EN - Industrial combustion,0.030733476
LTS,2025,EN - Industrial combustion,0.014644351
LTS,2024,EN - Industrial combustion,0
LTS,2023,EN - Industrial combustion,0
LTS,2050,EN - Transportation,0.731425427
LTS,2049,EN - Transportation,0.72089575
LTS,2048,EN - Transportation,0.710652305
LTS,2047,EN - Transportation,0.700621179
LTS,2046,EN - Transportation,0.69071031
LTS,2045,EN - Transportation,0.68080709
LTS,2044,EN - Transportation,0.67077583
LTS,2043,EN - Transportation,0.660457117
LTS,2042,EN - Transportation,0.649664413
LTS,2041,EN - Transportation,0.638180701
LTS,2040,EN - Transportation,0.625755607
LTS,2039,EN - Transportation,0.612101881
LTS,2038,EN - Transportation,0.596597882
LTS,2037,EN - Transportation,0.578895693
LTS,2036,EN - Transportation,0.558604858
LTS,2035,EN - Transportation,0.535289808
LTS,2034,EN - Transportation,0.508466554
LTS,2033,EN - Transportation,0.477599116
LTS,2032,EN - Transportation,0.442095913
LTS,2031,EN - Transportation,0.401306524
LTS,2030,EN - Transportation,0.354517392
LTS,2029,EN - Transportation,0.300948426
LTS,2028,EN - Transportation,0.239748593
LTS,2027,EN - Transportation,0.170144009
LTS,2026,EN - Transportation,0.090862807
LTS,2025,EN - Transportation,0.000713548
LTS,2024,EN - Transportation,0
LTS,2023,EN - Transportation,0
LTS,2050,EN - Building,1.409585178
LTS,2049,EN - Building,1.357504577
LTS,2048,EN - Building,1.306104566
LTS,2047,EN - Building,1.255253576
LTS,2046,EN - Building,1.204819249
LTS,2045,EN - Building,1.154664641
LTS,2044,EN - Building,1.104642027
LTS,2043,EN - Building,1.054573404
LTS,2042,EN - Building,1.004226365
LTS,2041,EN - Building,0.953276328
LTS,2040,EN - Building,0.901279061
LTS,2039,EN - Building,0.847723124
LTS,2038,EN - Building,0.792097459
LTS,2037,EN - Building,0.734614614
LTS,2036,EN - Building,0.676016799
LTS,2035,EN - Building,0.617070325
LTS,2034,EN - Building,0.55810835
LTS,2033,EN - Building,0.49905112
LTS,2032,EN - Building,0.439650587
LTS,2031,EN - Building,0.379660658
LTS,2030,EN - Building,0.318893297
LTS,2029,EN - Building,0.257217939
LTS,2028,EN - Building,0.19454555
LTS,2027,EN - Building,0.130859571
LTS,2026,EN - Building,0.066030337
LTS,2025,EN - Building,0
LTS,2024,EN - Building,0
LTS,2023,EN - Building,0
LTS,2050,EN - Power Industry (entc),1.841158884
LTS,2049,EN - Power Industry (entc),1.992063955
LTS,2048,EN - Power Industry (entc),1.812044703
LTS,2047,EN - Power Industry (entc),2.063230957
LTS,2046,EN - Power Industry (entc),2.317955071
LTS,2045,EN - Power Industry (entc),1.304969133
LTS,2044,EN - Power Industry (entc),0.064795163
LTS,2043,EN - Power Industry (entc),-0.098162186
LTS,2042,EN - Power Industry (entc),-0.078258654
LTS,2041,EN - Power Industry (entc),-0.067969758
LTS,2040,EN - Power Industry (entc),0.864392471
LTS,2039,EN - Power Industry (entc),1.6199791
LTS,2038,EN - Power Industry (entc),0.460231279
LTS,2037,EN - Power Industry (entc),4.38683329
LTS,2036,EN - Power Industry (entc),-0.024625225
LTS,2035,EN - Power Industry (entc),2.48390635
LTS,2034,EN - Power Industry (entc),2.500637924
LTS,2033,EN - Power Industry (entc),2.967233465
LTS,2032,EN - Power Industry (entc),2.738151009
LTS,2031,EN - Power Industry (entc),2.37464861
LTS,2030,EN - Power Industry (entc),2.020119023
LTS,2029,EN - Power Industry (entc),2.04330023
LTS,2028,EN - Power Industry (entc),2.320686392
LTS,2027,EN - Power Industry (entc),1.827227804
LTS,2026,EN - Power Industry (entc),2.21804551
LTS,2025,EN - Power Industry (entc),1.411677156
LTS,2024,EN - Power Industry (entc),0
LTS,2023,EN - Power Industry (entc),0