strategy,main_country,total_investment_kUSD,total_demand_kUSD,total_output_kUSD,total_jobs,jobs_per_M_investment,output_multiplier
Strategy_1004_BGR,BGR,1000.0000000000009,1000.0000000000009,2413.7969300852387,43.900012919027056,43.90001291902702,2.4137969300852364
Strategy_1004_BLZ,BLZ,1000.0000000000009,748.571428571429,1912.3196919953214,25.128380882550914,25.128380882550893,2.55462554274184
Strategy_1004_EGY,EGY,1000.0000000000009,1000.0000000000009,2195.825553005015,53.158456522336095,53.158456522336046,2.195825553005013
Strategy_1004_LBY,LBY,1000.0000000000009,937.142857142858,2401.7848158363363,105.9835082976962,105.9835082976961,2.5628801388497466
Strategy_1004_MAR,MAR,1000.0000000000009,979.04761904762,2156.022127515478,47.00766358400856,47.00766358400852,2.202162678882539
Strategy_1004_MEX,MEX,1000.0000000000009,979.04761904762,2240.207065861205,35.113449111298735,35.113449111298706,2.288149240422435
Strategy_1004_UGA,UGA,1000.0000000000009,895.2380952380961,1970.096127834581,135.55947651247294,135.55947651247283,2.200639291730115
Strategy_1005_BGR,BGR,1000.0000000000011,1000.0000000000011,2462.7724939739087,40.14085551107041,40.14085551107037,2.462772493973906
Strategy_1005_BLZ,BLZ,1000.0000000000011,777.142857142858,2033.1102079262814,27.21685550158571,27.216855501585677,2.616134458728668
Strategy_1005_EGY,EGY,1000.0000000000011,1000.0000000000014,2284.1076938680203,48.10449634736882,48.104496347368766,2.2841076938680174
Strategy_1005_LBY,LBY,1000.0000000000011,944.2857142857154,3022.2265554794644,97.56369903656729,97.56369903656717,3.200542494456313
Strategy_1005_MAR,MAR,1000.0000000000011,981.4285714285726,2196.2598345920633,42.34057447732442,42.34057447732437,2.2378193365566847
Strategy_1005_MEX,MEX,1000.0000000000011,974.761904761906,2235.7926733848444,31.562563590431434,31.5625635904314,2.2936808080645665
Strategy_1005_UGA,UGA,1000.0000000000011,893.8095238095248,1942.7999701536207,149.61529432873067,149.6152943287305,2.1736174413013316
Strategy_1006_BGR,BGR,1000.0000000000011,1000.0000000000011,2462.7724939739087,40.14085551107041,40.14085551107037,2.462772493973906
Strategy_1006_BLZ,BLZ,1000.0000000000011,777.142857142858,2033.1102079262814,27.21685550158571,27.216855501585677,2.616134458728668
Strategy_1006_EGY,EGY,1000.0000000000011,1000.0000000000014,2284.1076938680203,48.10449634736882,48.104496347368766,2.2841076938680174
Strategy_1006_LBY,LBY,1000.0000000000011,944.2857142857154,3022.2265554794644,97.56369903656729,97.56369903656717,3.200542494456313
Strategy_1006_MAR,MAR,1000.0000000000011,981.4285714285726,2196.2598345920633,42.34057447732442,42.34057447732437,2.2378193365566847
Strategy_1006_MEX,MEX,1000.0000000000011,974.761904761906,2235.7926733848444,31.562563590431434,31.5625635904314,2.2936808080645665
Strategy_1006_UGA,UGA,1000.0000000000011,893.8095238095248,1942.7999701536207,149.61529432873067,149.6152943287305,2.1736174413013316
Strategy_1007_BGR,BGR,1000.0000000000018,1000.0000000000015,2406.610902255088,44.08764805659227,44.087648056592194,2.4066109022550846
Strategy_1007_BLZ,BLZ,1000.0000000000018,748.5714285714295,1904.2204339472632,24.73910914289853,24.73910914289849,2.54380592321199
Strategy_1007_EGY,EGY,1000.0000000000018,1000.0000000000016,2184.9082569298553,53.40711079224337,53.40711079224328,2.1849082569298517
Strategy_1007_LBY,LBY,1000.0000000000018,937.1428571428585,2305.587118171051,105.89527356804464,105.89527356804446,2.4602301565849594
Strategy_1007_MAR,MAR,1000.0000000000018,979.0476190476204,2154.593472589149,47.26834588673106,47.26834588673098,2.2007034496289912
Strategy_1007_MEX,MEX,1000.0000000000018,979.0476190476204,2242.7583630362037,35.37113000480197,35.371130004801905,2.2907551373424226
Strategy_1007_UGA,UGA,1000.0000000000018,895.2380952380963,1979.109152333247,131.34675471350053,131.3467547135003,2.210707031861603
Strategy_1010_BGR,BGR,999.9999999999995,999.9999999999995,2222.5485026574593,72.8414206473059,72.84142064730592,2.2225485026574603
Strategy_1010_BLZ,BLZ,999.9999999999995,428.57142857142844,928.6386863562802,27.955825899990423,27.955825899990433,2.166823601497988
Strategy_1010_EGY,EGY,999.9999999999995,999.9999999999995,1849.979142676475,91.30697730906516,91.3069773090652,1.8499791426764758
Strategy_1010_LBY,LBY,999.9999999999995,857.1428571428567,1458.6470376230452,199.4931960509501,199.4931960509502,1.7017548772268871
Strategy_1010_MAR,MAR,999.9999999999995,952.3809523809521,1702.9139060606703,81.38405490871187,81.38405490871192,1.7880596013637045
Strategy_1010_MEX,MEX,999.9999999999995,952.380952380952,1852.2675029638242,57.06899177276354,57.06899177276357,1.9448808781120164
Strategy_1010_UGA,UGA,999.9999999999995,761.9047619047617,1260.640689757357,237.99749741009353,237.99749741009364,1.6545909053065315
Strategy_1011_BGR,BGR,1000.0000000000009,1000.0000000000009,2413.7969300852387,43.900012919027056,43.90001291902702,2.4137969300852364
Strategy_1011_BLZ,BLZ,1000.0000000000009,748.571428571429,1912.3196919953214,25.128380882550914,25.128380882550893,2.55462554274184
Strategy_1011_EGY,EGY,1000.0000000000009,1000.0000000000009,2195.825553005015,53.158456522336095,53.158456522336046,2.195825553005013
Strategy_1011_LBY,LBY,1000.0000000000009,937.142857142858,2401.7848158363363,105.9835082976962,105.9835082976961,2.5628801388497466
Strategy_1011_MAR,MAR,1000.0000000000009,979.04761904762,2156.022127515478,47.00766358400856,47.00766358400852,2.202162678882539
Strategy_1011_MEX,MEX,1000.0000000000009,979.04761904762,2240.207065861205,35.113449111298735,35.113449111298706,2.288149240422435
Strategy_1011_UGA,UGA,1000.0000000000009,895.2380952380961,1970.096127834581,135.55947651247294,135.55947651247283,2.200639291730115
Strategy_1013_BGR,BGR,1000.0000000000009,1000.0000000000009,2413.7969300852387,43.900012919027056,43.90001291902702,2.4137969300852364
Strategy_1013_BLZ,BLZ,1000.0000000000009,748.571428571429,1912.3196919953214,25.128380882550914,25.128380882550893,2.55462554274184
Strategy_1013_EGY,EGY,1000.0000000000009,1000.0000000000009,2195.825553005015,53.158456522336095,53.158456522336046,2.195825553005013
Strategy_1013_LBY,LBY,1000.0000000000009,937.142857142858,2401.7848158363363,105.9835082976962,105.9835082976961,2.5628801388497466
Strategy_1013_MAR,MAR,1000.0000000000009,979.04761904762,2156.022127515478,47.00766358400856,47.00766358400852,2.202162678882539
Strategy_1013_MEX,MEX,1000.0000000000009,979.04761904762,2240.207065861205,35.113449111298735,35.113449111298706,2.288149240422435
Strategy_1013_UGA,UGA,1000.0000000000009,895.2380952380961,1970.096127834581,135.55947651247294,135.55947651247283,2.200639291730115
Strategy_1015_BGR,BGR,1000.000000000001,1000.0000000000007,2189.0852697397872,69.55318018461851,69.55318018461844,2.1890852697397856
Strategy_1015_BLZ,BLZ,1000.000000000001,462.8571428571432,976.4257064184567,28.080683261894052,28.08068326189402,2.1095617113978986
Strategy_1015_EGY,EGY,1000.000000000001,1000.0000000000009,1837.6348514224096,87.09835486933976,87.09835486933966,1.837634851422408
Strategy_1015_LBY,LBY,1000.000000000001,865.7142857142865,1471.1723418300219,188.5936220953636,188.5936220953634,1.6993739922128952
Strategy_1015_MAR,MAR,1000.000000000001,940.238095238096,1671.8224179441036,77.31839714222615,77.31839714222606,1.7780841112598706
Strategy_1015_MEX,MEX,1000.000000000001,940.238095238096,1812.4522350368466,54.45880165634689,54.45880165634683,1.9276524150809697
Strategy_1015_UGA,UGA,1000.000000000001,776.1904761904768,1284.7238326373888,224.85990910060968,224.85990910060943,1.6551656739500087
Strategy_1016_BGR,BGR,1000.0,1000.0000000000001,2542.5095994682683,27.94369271974175,27.94369271974175,2.5425095994682683
Strategy_1016_BLZ,BLZ,1000.0,908.5714285714286,2322.961247948724,32.036837558492905,32.036837558492905,2.5567183546605454
Strategy_1016_EGY,EGY,1000.0,1000.0000000000002,2284.1954013578193,34.330893539342824,34.330893539342824,2.284195401357819
Strategy_1016_LBY,LBY,1000.0,977.1428571428572,3704.4397146324973,55.79474762441704,55.79474762441704,3.791093275208696
Strategy_1016_MAR,MAR,1000.0,992.3809523809523,2346.0591497546216,29.242295091977358,29.242295091977358,2.3640711201941964
Strategy_1016_MEX,MEX,1000.0,992.3809523809525,2297.351256212284,21.633715649444856,21.633715649444856,2.3149892696956793
Strategy_1016_UGA,UGA,1000.0,961.9047619047619,1964.6038941244688,139.10557121100425,139.10557121100425,2.0424099889412792
Strategy_1017_BGR,BGR,1000.0,1000.0000000000001,2542.5095994682683,27.94369271974175,27.94369271974175,2.5425095994682683
Strategy_1017_BLZ,BLZ,1000.0,908.5714285714286,2322.961247948724,32.036837558492905,32.036837558492905,2.5567183546605454
Strategy_1017_EGY,EGY,1000.0,1000.0000000000002,2284.1954013578193,34.330893539342824,34.330893539342824,2.284195401357819
Strategy_1017_LBY,LBY,1000.0,977.1428571428572,3704.4397146324973,55.79474762441704,55.79474762441704,3.791093275208696
Strategy_1017_MAR,MAR,1000.0,992.3809523809523,2346.0591497546216,29.242295091977358,29.242295091977358,2.3640711201941964
Strategy_1017_MEX,MEX,1000.0,992.3809523809525,2297.351256212284,21.633715649444856,21.633715649444856,2.3149892696956793
Strategy_1017_UGA,UGA,1000.0,961.9047619047619,1964.6038941244688,139.10557121100425,139.10557121100425,2.0424099889412792
Strategy_1018_BGR,BGR,1000.0,1000.0000000000001,2542.5095994682683,27.94369271974175,27.94369271974175,2.5425095994682683
Strategy_1018_BLZ,BLZ,1000.0,908.5714285714286,2322.961247948724,32.036837558492905,32.036837558492905,2.5567183546605454
Strategy_1018_EGY,EGY,1000.0,1000.0000000000002,2284.1954013578193,34.330893539342824,34.330893539342824,2.284195401357819
Strategy_1018_LBY,LBY,1000.0,977.1428571428572,3704.4397146324973,55.79474762441704,55.79474762441704,3.791093275208696
Strategy_1018_MAR,MAR,1000.0,992.3809523809523,2346.0591497546216,29.242295091977358,29.242295091977358,2.3640711201941964
Strategy_1018_MEX,MEX,1000.0,992.3809523809525,2297.351256212284,21.633715649444856,21.633715649444856,2.3149892696956793
Strategy_1018_UGA,UGA,1000.0,961.9047619047619,1964.6038941244688,139.10557121100425,139.10557121100425,2.0424099889412792
Strategy_1019_BGR,BGR,1000.0,1000.0000000000001,2542.5095994682683,27.94369271974175,27.94369271974175,2.5425095994682683
Strategy_1019_BLZ,BLZ,1000.0,908.5714285714286,2322.961247948724,32.036837558492905,32.036837558492905,2.5567183546605454
Strategy_1019_EGY,EGY,1000.0,1000.0000000000002,2284.1954013578193,34.330893539342824,34.330893539342824,2.284195401357819
Strategy_1019_LBY,LBY,1000.0,977.1428571428572,3704.4397146324973,55.79474762441704,55.79474762441704,3.791093275208696
Strategy_1019_MAR,MAR,1000.0,992.3809523809523,2346.0591497546216,29.242295091977358,29.242295091977358,2.3640711201941964
Strategy_1019_MEX,MEX,1000.0,992.3809523809525,2297.351256212284,21.633715649444856,21.633715649444856,2.3149892696956793
Strategy_1019_UGA,UGA,1000.0,961.9047619047619,1964.6038941244688,139.10557121100425,139.10557121100425,2.0424099889412792
Strategy_1020_BGR,BGR,1000.0000000000005,1000.0000000000005,2427.7816140623163,44.66684863274661,44.666848632746586,2.427781614062315
Strategy_1020_BLZ,BLZ,1000.0000000000005,731.4285714285716,1863.1507636889169,27.91464454108728,27.91464454108727,2.5472764347309407
Strategy_1020_EGY,EGY,1000.0000000000005,1000.0000000000003,2187.587637689605,54.60730733196931,54.60730733196929,2.187587637689604
Strategy_1020_LBY,LBY,1000.0000000000005,932.8571428571432,2758.050184375993,110.491619489224,110.49161948922395,2.9565622190860554
Strategy_1020_MAR,MAR,1000.0000000000005,977.6190476190479,2127.6653125994517,48.065750895021466,48.065750895021445,2.1763746500043095
Strategy_1020_MEX,MEX,1000.0000000000005,977.619047619048,2185.2464974321842,35.13408438253027,35.134084382530254,2.2352740597211813
Strategy_1020_UGA,UGA,1000.0000000000005,888.0952380952384,1836.944216992786,162.52542097869681,162.52542097869673,2.0684090379007234
Strategy_1024_BGR,BGR,999.9999999999995,999.9999999999995,2222.5485026574593,72.8414206473059,72.84142064730592,2.2225485026574603
Strategy_1024_BLZ,BLZ,999.9999999999995,428.57142857142844,928.6386863562802,27.955825899990423,27.955825899990433,2.166823601497988
Strategy_1024_EGY,EGY,999.9999999999995,999.9999999999995,1849.979142676475,91.30697730906516,91.3069773090652,1.8499791426764758
Strategy_1024_LBY,LBY,999.9999999999995,857.1428571428567,1458.6470376230452,199.4931960509501,199.4931960509502,1.7017548772268871
Strategy_1024_MAR,MAR,999.9999999999995,952.3809523809521,1702.9139060606703,81.38405490871187,81.38405490871192,1.7880596013637045
Strategy_1024_MEX,MEX,999.9999999999995,952.380952380952,1852.2675029638242,57.06899177276354,57.06899177276357,1.9448808781120164
Strategy_1024_UGA,UGA,999.9999999999995,761.9047619047617,1260.640689757357,237.99749741009353,237.99749741009364,1.6545909053065315
Strategy_1026_BGR,BGR,999.9999999999998,1000.0000000000001,2409.084352563283,40.17432608327484,40.17432608327485,2.409084352563283
Strategy_1026_BLZ,BLZ,999.9999999999998,799.9999999999997,2030.4573529770134,22.753678681909314,22.753678681909317,2.5380716912212677
Strategy_1026_EGY,EGY,999.9999999999998,1000.0000000000002,2197.5526003656137,48.25406464700245,48.254064647002465,2.197552600365613
Strategy_1026_LBY,LBY,999.9999999999998,950.0000000000001,2078.8138519771237,90.51990055045437,90.51990055045438,2.1882251073443406
Strategy_1026_MAR,MAR,999.9999999999998,983.3333333333335,2221.7954859028764,42.76884151623637,42.76884151623638,2.2594530365113994
Strategy_1026_MEX,MEX,999.9999999999998,983.3333333333335,2315.1401356945853,32.85602880553233,32.85602880553234,2.354379799011442
Strategy_1026_UGA,UGA,999.9999999999998,916.6666666666669,2128.577323556921,98.31471606524562,98.31471606524565,2.322084352971186
Strategy_2002_BGR,BGR,1000.0,1000.0,2419.9652876071596,16.21540302107472,16.21540302107472,2.4199652876071593
Strategy_2002_BLZ,BLZ,1000.0,1000.0,2446.704185404824,23.395541201726783,23.395541201726783,2.446704185404824
Strategy_2002_EGY,EGY,1000.0,1000.0000000000001,2339.5903856541954,17.560303818020103,17.560303818020103,2.339590385654195
Strategy_2002_LBY,LBY,1000.0,1000.0000000000001,2955.065225981779,19.323537469029166,19.323537469029166,2.9550652259817785
Strategy_2002_MAR,MAR,1000.0,1000.0,2373.004036922725,16.118228153750668,16.118228153750668,2.3730040369227248
Strategy_2002_MEX,MEX,1000.0,991.6666666666666,2342.390280735513,14.81672693960585,14.81672693960585,2.362074232674467
Strategy_2002_UGA,UGA,1000.0,983.3333333333335,2212.133351710701,50.79725982323873,50.79725982323873,2.249627137332916
Strategy_2003_BGR,BGR,999.9999999999999,999.9999999999999,2451.4267693965944,19.408449881106634,19.408449881106637,2.4514267693965945
Strategy_2003_BLZ,BLZ,999.9999999999999,999.9999999999999,2440.8106619505015,38.164549613196066,38.16454961319607,2.440810661950502
Strategy_2003_EGY,EGY,999.9999999999999,999.9999999999999,2221.533653800471,23.527971091994406,23.52797109199441,2.221533653800471
Strategy_2003_LBY,LBY,999.9999999999999,999.9999999999999,3998.1576254697084,28.552272073919127,28.55227207391913,3.998157625469709
Strategy_2003_MAR,MAR,999.9999999999999,1000.0,2315.1638002816953,19.479103168075696,19.4791031680757,2.315163800281695
Strategy_2003_MEX,MEX,999.9999999999999,999.9999999999999,2225.8891808150825,14.714671964086053,14.714671964086055,2.225889180815083
Strategy_2003_UGA,UGA,999.9999999999999,1000.0,1940.9775312648162,132.53445813778023,132.53445813778026,1.9409775312648163
Strategy_2005_BGR,BGR,1000.0000000000001,1000.0000000000001,2526.5873024377747,20.948756602544876,20.948756602544872,2.5265873024377745
Strategy_2005_BLZ,BLZ,1000.0000000000001,1000.0000000000001,2427.571216367253,39.303603492089934,39.30360349208993,2.4275712163672525
Strategy_2005_EGY,EGY,1000.0000000000001,1000.0,2154.3114045088023,27.243927405676878,27.24392740567687,2.1543114045088023
Strategy_2005_LBY,LBY,1000.0000000000001,1000.0000000000001,3993.4401376076867,27.813036166196166,27.81303616619616,3.9934401376076862
Strategy_2005_MAR,MAR,1000.0000000000001,1000.0000000000002,2379.3609603420746,22.116659785213756,22.116659785213752,2.379360960342074
Strategy_2005_MEX,MEX,1000.0000000000001,1000.0000000000001,2249.125409732344,15.589353819101186,15.589353819101182,2.249125409732344
Strategy_2005_UGA,UGA,1000.0000000000001,1000.0000000000001,1848.844323401599,138.34779526578856,138.34779526578853,1.8488443234015988
Strategy_2006_BGR,BGR,1000.0,1000.0,2512.1544707060884,21.66988754501896,21.66988754501896,2.5121544707060885
Strategy_2006_BLZ,BLZ,1000.0,1000.0,2411.3669431414405,38.84447830731256,38.84447830731256,2.4113669431414406
Strategy_2006_EGY,EGY,1000.0,1000.0,2127.429865991058,28.52321287158658,28.52321287158658,2.1274298659910578
Strategy_2006_LBY,LBY,1000.0,1000.0000000000001,4016.6235693661615,28.73201477480687,28.73201477480687,4.016623569366161
Strategy_2006_MAR,MAR,1000.0,962.5,2289.654706753548,22.08854965205449,22.08854965205449,2.3788620329906993
Strategy_2006_MEX,MEX,1000.0,962.4999999999999,2154.3382892429895,15.506556771959417,15.506556771959417,2.238273547265444
Strategy_2006_UGA,UGA,1000.0,1000.0,1823.020933755406,136.0310010113883,136.0310010113883,1.823020933755406
Strategy_2007_BGR,BGR,1000.0000000000001,1000.0000000000001,2526.5873024377747,20.948756602544876,20.948756602544872,2.5265873024377745
Strategy_2007_BLZ,BLZ,1000.0000000000001,1000.0000000000001,2427.571216367253,39.303603492089934,39.30360349208993,2.4275712163672525
Strategy_2007_EGY,EGY,1000.0000000000001,1000.0,2154.3114045088023,27.243927405676878,27.24392740567687,2.1543114045088023
Strategy_2007_LBY,LBY,1000.0000000000001,1000.0000000000001,3993.4401376076867,27.813036166196166,27.81303616619616,3.9934401376076862
Strategy_2007_MAR,MAR,1000.0000000000001,1000.0000000000002,2379.3609603420746,22.116659785213756,22.116659785213752,2.379360960342074
Strategy_2007_MEX,MEX,1000.0000000000001,1000.0000000000001,2249.125409732344,15.589353819101186,15.589353819101182,2.249125409732344
Strategy_2007_UGA,UGA,1000.0000000000001,1000.0000000000001,1848.844323401599,138.34779526578856,138.34779526578853,1.8488443234015988
Strategy_2009_BGR,BGR,1000.0,1000.0,2419.9652876071596,16.21540302107472,16.21540302107472,2.4199652876071593
Strategy_2009_BLZ,BLZ,1000.0,1000.0,2446.704185404824,23.395541201726783,23.395541201726783,2.446704185404824
Strategy_2009_EGY,EGY,1000.0,1000.0000000000001,2339.5903856541954,17.560303818020103,17.560303818020103,2.339590385654195
Strategy_2009_LBY,LBY,1000.0,1000.0000000000001,2955.065225981779,19.323537469029166,19.323537469029166,2.9550652259817785
Strategy_2009_MAR,MAR,1000.0,1000.0,2373.004036922725,16.118228153750668,16.118228153750668,2.3730040369227248
Strategy_2009_MEX,MEX,1000.0,991.6666666666666,2342.390280735513,14.81672693960585,14.81672693960585,2.362074232674467
Strategy_2009_UGA,UGA,1000.0,983.3333333333335,2212.133351710701,50.79725982323873,50.79725982323873,2.249627137332916
Strategy_2011_BGR,BGR,1000.0,1000.0000000000001,2576.701047642059,18.93656310982948,18.93656310982948,2.576701047642059
Strategy_2011_BLZ,BLZ,1000.0,1000.0,2565.353240796533,31.514876536872983,31.514876536872983,2.565353240796533
Strategy_2011_EGY,EGY,1000.0,999.9999999999999,2358.6004506278896,22.698125422014908,22.698125422014908,2.3586004506278897
Strategy_2011_LBY,LBY,1000.0,1000.0000000000001,3957.3343687942047,27.040705805727065,27.040705805727065,3.9573343687942044
Strategy_2011_MAR,MAR,1000.0,1000.0,2454.3452605712955,18.89803954547211,18.89803954547211,2.4543452605712957
Strategy_2011_MEX,MEX,1000.0,1000.0,2377.4675534494313,14.88849573243127,14.88849573243127,2.3774675534494314
Strategy_2011_UGA,UGA,1000.0,999.9999999999999,2115.079176655132,110.48927766052965,110.48927766052965,2.115079176655132
Strategy_2012_BGR,BGR,1000.0,1000.0,2419.9652876071596,16.21540302107472,16.21540302107472,2.4199652876071593
Strategy_2012_BLZ,BLZ,1000.0,1000.0,2446.704185404824,23.395541201726783,23.395541201726783,2.446704185404824
Strategy_2012_EGY,EGY,1000.0,1000.0000000000001,2339.5903856541954,17.560303818020103,17.560303818020103,2.339590385654195
Strategy_2012_LBY,LBY,1000.0,1000.0000000000001,2955.065225981779,19.323537469029166,19.323537469029166,2.9550652259817785
Strategy_2012_MAR,MAR,1000.0,1000.0,2373.004036922725,16.118228153750668,16.118228153750668,2.3730040369227248
Strategy_2012_MEX,MEX,1000.0,991.6666666666666,2342.390280735513,14.81672693960585,14.81672693960585,2.362074232674467
Strategy_2012_UGA,UGA,1000.0,983.3333333333335,2212.133351710701,50.79725982323873,50.79725982323873,2.249627137332916
Strategy_2013_BGR,BGR,1000.0,1000.0,2332.7053569509294,22.938245440106375,22.938245440106375,2.3327053569509295
Strategy_2013_BLZ,BLZ,1000.0,994.2857142857142,2314.8909505759707,27.61193122100034,27.61193122100034,2.3281949215562925
Strategy_2013_EGY,EGY,1000.0,1000.0,2249.2790477020467,24.284380549631486,24.284380549631486,2.249279047702047
Strategy_2013_LBY,LBY,1000.0,998.5714285714283,2869.7761200750288,143.2646626881886,143.2646626881886,2.8738816653111883
Strategy_2013_MAR,MAR,1000.0,999.5238095238095,2257.0817892861055,42.73197446619229,42.73197446619229,2.258157102191911
Strategy_2013_MEX,MEX,1000.0,994.5238095238096,2266.698478891196,19.738609803429107,19.738609803429107,2.279179701063687
Strategy_2013_UGA,UGA,1000.0,987.6190476190476,2119.4786643230186,74.36351438886585,74.36351438886585,2.146048792226779
Strategy_2014_BGR,BGR,1000.0000000000001,998.8235294117646,2302.6126383017895,19.361189486938265,19.36118948693826,2.305324785107799
Strategy_2014_BLZ,BLZ,1000.0000000000003,994.2857142857142,2241.8329944201287,35.6214333216945,35.62143332169448,2.25471709208921
Strategy_2014_EGY,EGY,1000.0000000000002,1000.0,2157.7364483871925,22.51164304002543,22.511643040025426,2.1577364483871926
Strategy_2014_LBY,LBY,1000.0000000000002,1000.0,3338.8837451095305,26.073237195146056,26.07323719514605,3.3388837451095306
Strategy_2014_MAR,MAR,999.9999999999994,998.2352941176471,2206.5042308416705,19.502416783577385,19.502416783577395,2.21040494545129
Strategy_2014_MEX,MEX,999.9999999999995,996.6666666666665,2206.0750796280795,16.566095865096162,16.56609586509617,2.2134532571519197
Strategy_2014_UGA,UGA,999.9999999999997,999.9999999999998,1932.632190217646,99.86849678004671,99.86849678004674,1.9326321902176464
Strategy_2015_BGR,BGR,1000.0,1000.0,2389.42354876362,26.662684811166546,26.662684811166546,2.38942354876362
Strategy_2015_BLZ,BLZ,1000.0,999.9999999999999,2380.740714320844,33.241532319902085,33.241532319902085,2.380740714320844
Strategy_2015_EGY,EGY,1000.0,1000.0,2240.781407152738,26.780763228726702,26.780763228726702,2.2407814071527383
Strategy_2015_LBY,LBY,1000.0,1000.0,3225.2390774335695,202.09967036445138,202.09967036445138,3.2252390774335695
Strategy_2015_MAR,MAR,1000.0,1000.0,2270.2825985167815,55.71455104588282,55.71455104588282,2.2702825985167814
Strategy_2015_MEX,MEX,1000.0,970.0,2181.17506342176,20.725091042319285,20.725091042319285,2.2486340860018146
Strategy_2015_UGA,UGA,1000.0,939.9999999999999,1931.5762896528613,97.47111742789923,97.47111742789923,2.054868393247725
Strategy_3001_BGR,BGR,999.9999999999999,998.8235294117646,2611.507918418216,20.331768814574716,20.33176881457472,2.6145838994764237
Strategy_3001_BLZ,BLZ,1000.0,994.2857142857143,2597.5142360546633,34.03728757759488,34.03728757759488,2.6124424787906095
Strategy_3001_EGY,EGY,1000.0,1000.0000000000001,2399.1290778438783,24.328719681863262,24.328719681863262,2.399129077843878
Strategy_3001_LBY,LBY,1000.0,1000.0000000000001,4206.721085122549,31.56040702312093,31.56040702312093,4.206721085122549
Strategy_3001_MAR,MAR,1000.0,998.2352941176471,2465.3512884890715,20.189471154124924,20.189471154124924,2.469709599547096
Strategy_3001_MEX,MEX,1000.0,995.0,2391.6789442100844,15.462148133884074,15.462148133884074,2.403697431366919
Strategy_3001_UGA,UGA,1000.0,1000.0,2095.7314569757564,130.61350117503207,130.61350117503207,2.0957314569757566
Strategy_3002_BGR,BGR,1000.0,1000.0000000000001,2621.401878432165,20.814851687622216,20.814851687622216,2.621401878432165
Strategy_3002_BLZ,BLZ,1000.0,994.2857142857143,2611.1524552102715,34.52518652096222,34.52518652096222,2.6261590785160775
Strategy_3002_EGY,EGY,1000.0,999.9999999999999,2385.8664926622264,25.121119106738348,25.121119106738348,2.3858664926622266
Strategy_3002_LBY,LBY,1000.0,998.5714285714286,4328.3517186518675,33.38152927616079,33.38152927616079,4.33454392425795
Strategy_3002_MAR,MAR,1000.0,999.5238095238096,2468.7418456358664,20.44991573780771,20.44991573780771,2.469917997063039
Strategy_3002_MEX,MEX,1000.0,997.8571428571431,2383.4881958807214,15.522739589050769,15.522739589050769,2.3886066386778877
Strategy_3002_UGA,UGA,1000.0,994.2857142857143,2096.4643615350137,133.40740691027347,133.40740691027347,2.108513007290962
Strategy_3003_BGR,BGR,1000.0000000000003,998.8235294117648,2424.3998891653096,24.906126285770046,24.906126285770036,2.4272554838521945
Strategy_3003_BLZ,BLZ,1000.0,938.3380018674144,2241.1893709916512,30.620831263364458,30.620831263364458,2.3884670199132865
Strategy_3003_EGY,EGY,999.9999999999991,999.9999999999993,2202.4649242801943,29.911313572163852,29.911313572163877,2.202464924280196
Strategy_3003_LBY,LBY,999.9999999999994,985.0420168067225,3048.236468736047,40.60091382280055,40.60091382280057,3.09452431137681
Strategy_3003_MAR,MAR,1000.0000000000007,990.0140056022417,2292.787890149856,25.80537031887776,25.805370318877742,2.3159146003748865
Strategy_3003_MEX,MEX,999.9999999999991,977.8571428571422,2264.1688256643524,20.617173602078267,20.617173602078285,2.315439266566907
Strategy_3003_UGA,UGA,999.9999999999998,957.6190476190477,1987.8923383026215,103.0446055601203,103.04460556012033,2.0758696720216334
Strategy_3005_BGR,BGR,1000.0,1000.0000000000001,2685.995451847743,20.35744710692339,20.35744710692339,2.6859954518477425
Strategy_3005_BLZ,BLZ,1000.0,1000.0,2684.338462858685,35.740874930140585,35.740874930140585,2.684338462858685
Strategy_3005_EGY,EGY,1000.0,1000.0000000000001,2431.703946461256,24.828671980152333,24.828671980152333,2.4317039464612553
Strategy_3005_LBY,LBY,1000.0,1000.0,4690.307733998508,32.86721772803372,32.86721772803372,4.690307733998508
Strategy_3005_MAR,MAR,1000.0,1000.0,2515.8090928765014,19.815705042489217,19.815705042489217,2.5158090928765016
Strategy_3005_MEX,MEX,1000.0,1000.0,2411.870153592679,14.649072501376748,14.649072501376748,2.411870153592679
Strategy_3005_UGA,UGA,1000.0,1000.0,2096.2620246100873,147.0021078801702,147.0021078801702,2.096262024610087
Strategy_3006_BGR,BGR,1000.0,999.9999999999998,2570.729587803166,22.639447311309482,22.639447311309482,2.5707295878031666
Strategy_3006_BLZ,BLZ,1000.0,972.6984126984127,2482.5478854462276,33.15397457681112,33.15397457681112,2.5522277542936087
Strategy_3006_EGY,EGY,1000.0,999.9999999999999,2328.527946380444,27.298050527928762,27.298050527928762,2.3285279463804445
Strategy_3006_LBY,LBY,1000.0,994.2857142857142,3946.326696263234,36.91725799643454,36.91725799643454,3.9690067347475058
Strategy_3006_MAR,MAR,1000.0,995.595238095238,2418.444204453965,22.70636589450308,22.70636589450308,2.4291440054302655
Strategy_3006_MEX,MEX,1000.0,988.9285714285713,2345.2212969915136,17.478123062728848,17.478123062728848,2.371476934480404
Strategy_3006_UGA,UGA,1000.0,977.1428571428569,2052.558289044039,125.74287739199572,125.74287739199572,2.100571348436883
Strategy_3009_BGR,BGR,1000.0,1000.0000000000001,2576.9556058170874,18.73944523312584,18.73944523312584,2.576955605817087
Strategy_3009_BLZ,BLZ,1000.0,1000.0,2576.704226048859,31.030351820771152,31.030351820771152,2.5767042260488586
Strategy_3009_EGY,EGY,1000.0,999.9999999999999,2376.6753301910157,22.22026128856722,22.22026128856722,2.376675330191016
Strategy_3009_LBY,LBY,1000.0,1000.0,3967.525131719857,27.13515562311023,27.13515562311023,3.967525131719857
Strategy_3009_MAR,MAR,1000.0,1000.0,2456.0333037669625,18.549501281020238,18.549501281020238,2.4560333037669624
Strategy_3009_MEX,MEX,1000.0,1000.0,2384.565686462145,14.786670506553452,14.786670506553452,2.384565686462145
Strategy_3009_UGA,UGA,1000.0,1000.0,2137.0263911833767,109.00262548611789,109.00262548611789,2.137026391183377
Strategy_3010_BGR,BGR,1000.0,1000.0000000000001,2610.8544009123666,21.68314297814134,21.68314297814134,2.610854400912366
Strategy_3010_BLZ,BLZ,1000.0,986.3492063492064,2551.210487272156,34.88719930367171,34.88719930367171,2.586518517833052
Strategy_3010_EGY,EGY,1000.0,1000.0,2344.9596608957,26.546241704105174,26.546241704105174,2.3449596608956997
Strategy_3010_LBY,LBY,1000.0,997.1428571428571,4237.202916450763,34.42427313741288,34.42427313741288,4.24934389901939
Strategy_3010_MAR,MAR,1000.0,996.547619047619,2449.526058748845,21.63721266952644,21.63721266952644,2.458012052740449
Strategy_3010_MEX,MEX,1000.0,993.2142857142857,2358.2480372022383,16.245811701581346,16.245811701581346,2.3743597641734153
Strategy_3010_UGA,UGA,1000.0,988.5714285714284,2043.2780146155121,135.41762180408452,135.41762180408452,2.066899725767137
Strategy_3011_BGR,BGR,1000.0,1000.0,2685.3590564101723,20.850241798682486,20.850241798682486,2.685359056410172
Strategy_3011_BLZ,BLZ,1000.0,1000.0,2655.9609997278712,36.95218672039515,36.95218672039515,2.655960999727871
Strategy_3011_EGY,EGY,1000.0,1000.0,2386.5167475534417,26.02333231377155,26.02333231377155,2.3865167475534417
Strategy_3011_LBY,LBY,1000.0,1000.0,4664.830826684375,32.6310931845758,32.6310931845758,4.664830826684375
Strategy_3011_MAR,MAR,1000.0,1000.0,2511.5889848873353,20.687050703618898,20.687050703618898,2.5115889848873354
Strategy_3011_MEX,MEX,1000.0,1000.0,2394.1248210608946,14.903635566071301,14.903635566071301,2.3941248210608945
Strategy_3011_UGA,UGA,1000.0,999.9999999999999,2041.3939882894756,150.71873831619965,150.71873831619965,2.041393988289476
Strategy_3012_BGR,BGR,1000.0,1000.0000000000001,2610.8544009123666,21.68314297814134,21.68314297814134,2.610854400912366
Strategy_3012_BLZ,BLZ,1000.0,986.3492063492064,2551.210487272156,34.88719930367171,34.88719930367171,2.586518517833052
Strategy_3012_EGY,EGY,1000.0,1000.0,2344.9596608957,26.546241704105174,26.546241704105174,2.3449596608956997
Strategy_3012_LBY,LBY,1000.0,997.1428571428571,4237.202916450763,34.42427313741288,34.42427313741288,4.24934389901939
Strategy_3012_MAR,MAR,1000.0,996.547619047619,2449.526058748845,21.63721266952644,21.63721266952644,2.458012052740449
Strategy_3012_MEX,MEX,1000.0,993.2142857142857,2358.2480372022383,16.245811701581346,16.245811701581346,2.3743597641734153
Strategy_3012_UGA,UGA,1000.0,988.5714285714284,2043.2780146155121,135.41762180408452,135.41762180408452,2.066899725767137
Strategy_3015_BGR,BGR,999.9999999999997,994.1176470588235,2500.4240087021367,21.436950412113276,21.436950412113283,2.515219417037652
Strategy_3015_BLZ,BLZ,1000.0000000000002,974.9206349206355,2458.2159768682086,31.007805752398955,31.007805752398948,2.5214524021930487
Strategy_3015_EGY,EGY,999.9999999999997,999.9999999999998,2383.5415165183913,24.966495572533926,24.966495572533933,2.3835415165183917
Strategy_3015_LBY,LBY,999.9999999999998,999.9999999999999,3432.31080394894,30.13425424255766,30.134254242557667,3.43231080394894
Strategy_3015_MAR,MAR,1000.0000000000002,991.7647058823529,2420.7322941238062,22.615554958556462,22.61555495855646,2.440833274027563
Strategy_3015_MEX,MEX,999.9999999999995,983.333333333333,2408.890124276215,17.531779201403623,17.53177920140363,2.4497187704503887
Strategy_3015_UGA,UGA,1000.0,1000.0,2072.102318046187,114.19258156042751,114.19258156042751,2.0721023180461873
Strategy_3016_BGR,BGR,999.9999999999998,999.9999999999998,2575.0353936427127,23.087137484651524,23.087137484651528,2.5750353936427133
Strategy_3016_BLZ,BLZ,999.9999999999998,970.4761904761905,2465.442387295517,32.83189172319379,32.8318917231938,2.540446032051318
Strategy_3016_EGY,EGY,999.9999999999998,999.9999999999998,2318.9025281769923,28.310170216088054,28.31017021608806,2.318902528176993
Strategy_3016_LBY,LBY,999.9999999999998,994.2857142857142,3841.2469751915924,36.798266493710216,36.79826649371022,3.8633231072329237
Strategy_3016_MAR,MAR,999.9999999999998,995.595238095238,2431.5185960517224,23.37301990864835,23.373019908648352,2.4422762414007497
Strategy_3016_MEX,MEX,999.9999999999998,988.9285714285713,2357.4482948151444,18.112321485717693,18.112321485717697,2.3838408181590482
Strategy_3016_UGA,UGA,999.9999999999998,977.1428571428571,2064.4497368408183,125.45019652205121,125.45019652205124,2.1127409587552237
Strategy_3017_BGR,BGR,999.9999999999997,994.1176470588235,2500.4240087021367,21.436950412113276,21.436950412113283,2.515219417037652
Strategy_3017_BLZ,BLZ,1000.0000000000002,974.9206349206355,2458.2159768682086,31.007805752398955,31.007805752398948,2.5214524021930487
Strategy_3017_EGY,EGY,999.9999999999997,999.9999999999998,2383.5415165183913,24.966495572533926,24.966495572533933,2.3835415165183917
Strategy_3017_LBY,LBY,999.9999999999998,999.9999999999999,3432.31080394894,30.13425424255766,30.134254242557667,3.43231080394894
Strategy_3017_MAR,MAR,1000.0000000000002,991.7647058823529,2420.7322941238062,22.615554958556462,22.61555495855646,2.440833274027563
Strategy_3017_MEX,MEX,999.9999999999995,983.333333333333,2408.890124276215,17.531779201403623,17.53177920140363,2.4497187704503887
Strategy_3017_UGA,UGA,1000.0,1000.0,2072.102318046187,114.19258156042751,114.19258156042751,2.0721023180461873
Strategy_3018_BGR,BGR,999.9999999999998,999.9999999999998,2575.0353936427127,23.087137484651524,23.087137484651528,2.5750353936427133
Strategy_3018_BLZ,BLZ,999.9999999999998,970.4761904761905,2465.442387295517,32.83189172319379,32.8318917231938,2.540446032051318
Strategy_3018_EGY,EGY,999.9999999999998,999.9999999999998,2318.9025281769923,28.310170216088054,28.31017021608806,2.318902528176993
Strategy_3018_LBY,LBY,999.9999999999998,994.2857142857142,3841.2469751915924,36.798266493710216,36.79826649371022,3.8633231072329237
Strategy_3018_MAR,MAR,999.9999999999998,995.595238095238,2431.5185960517224,23.37301990864835,23.373019908648352,2.4422762414007497
Strategy_3018_MEX,MEX,999.9999999999998,988.9285714285713,2357.4482948151444,18.112321485717693,18.112321485717697,2.3838408181590482
Strategy_3018_UGA,UGA,999.9999999999998,977.1428571428571,2064.4497368408183,125.45019652205121,125.45019652205124,2.1127409587552237
Strategy_3019_BGR,BGR,1000.0,1000.0,2410.9175052131263,19.86360602071101,19.86360602071101,2.4109175052131264
Strategy_3019_BLZ,BLZ,1000.0,1000.0,2358.42393536479,34.413569619262745,34.413569619262745,2.35842393536479
Strategy_3019_EGY,EGY,1000.0,1000.0000000000001,2211.1184427136977,24.11994787190152,24.11994787190152,2.2111184427136976
Strategy_3019_LBY,LBY,1000.0,1000.0,3801.8184657118527,28.21927461202712,28.21927461202712,3.8018184657118526
Strategy_3019_MAR,MAR,1000.0,962.5,2217.9627508969884,18.985259445918956,18.985259445918956,2.304376884048819
Strategy_3019_MEX,MEX,1000.0,962.5,2178.2312140920953,15.529633163867238,15.529633163867238,2.2630973652904887
Strategy_3019_UGA,UGA,1000.0,999.9999999999999,1969.6750242580324,111.82960013697593,111.82960013697593,1.9696750242580325
Strategy_3020_BGR,BGR,1000.0000000000001,999.4117647058823,2398.006371766202,22.49460616413953,22.494606164139526,2.3994177939979657
Strategy_3020_BLZ,BLZ,1000.0000000000001,965.6395891690007,2262.2351267219665,32.69959602752851,32.6995960275285,2.3427323735440213
Strategy_3020_EGY,EGY,1000.0000000000001,1000.0,2178.391570763952,27.337841809573103,27.337841809573096,2.178391570763952
Strategy_3020_LBY,LBY,1000.0000000000001,990.7563025210084,3382.012534196024,34.059438425282224,34.05943842528222,3.4135665103420427
Strategy_3020_MAR,MAR,1000.0000000000001,975.0070028011203,2234.745642856948,22.564243224000986,22.564243224000982,2.292030350999219
Strategy_3020_MEX,MEX,1000.0000000000001,968.9285714285713,2199.0194884337807,18.213769302201,18.213769302200998,2.26953725308315
Strategy_3020_UGA,UGA,1000.0000000000001,977.1428571428569,1959.0474220329684,106.87510632147445,106.87510632147442,2.0048730927237988
Strategy_3021_BGR,BGR,1000.0,1000.0,2410.9175052131263,19.86360602071101,19.86360602071101,2.4109175052131264
Strategy_3021_BLZ,BLZ,1000.0,1000.0,2358.42393536479,34.413569619262745,34.413569619262745,2.35842393536479
Strategy_3021_EGY,EGY,1000.0,1000.0000000000001,2211.1184427136977,24.11994787190152,24.11994787190152,2.2111184427136976
Strategy_3021_LBY,LBY,1000.0,1000.0,3801.8184657118527,28.21927461202712,28.21927461202712,3.8018184657118526
Strategy_3021_MAR,MAR,1000.0,962.5,2217.9627508969884,18.985259445918956,18.985259445918956,2.304376884048819
Strategy_3021_MEX,MEX,1000.0,962.5,2178.2312140920953,15.529633163867238,15.529633163867238,2.2630973652904887
Strategy_3021_UGA,UGA,1000.0,999.9999999999999,1969.6750242580324,111.82960013697593,111.82960013697593,1.9696750242580325
Strategy_3022_BGR,BGR,1000.0000000000001,999.4117647058823,2398.006371766202,22.49460616413953,22.494606164139526,2.3994177939979657
Strategy_3022_BLZ,BLZ,1000.0000000000001,965.6395891690007,2262.2351267219665,32.69959602752851,32.6995960275285,2.3427323735440213
Strategy_3022_EGY,EGY,1000.0000000000001,1000.0,2178.391570763952,27.337841809573103,27.337841809573096,2.178391570763952
Strategy_3022_LBY,LBY,1000.0000000000001,990.7563025210084,3382.012534196024,34.059438425282224,34.05943842528222,3.4135665103420427
Strategy_3022_MAR,MAR,1000.0000000000001,975.0070028011203,2234.745642856948,22.564243224000986,22.564243224000982,2.292030350999219
Strategy_3022_MEX,MEX,1000.0000000000001,968.9285714285713,2199.0194884337807,18.213769302201,18.213769302200998,2.26953725308315
Strategy_3022_UGA,UGA,1000.0000000000001,977.1428571428569,1959.0474220329684,106.87510632147445,106.87510632147442,2.0048730927237988
Strategy_3025_BGR,BGR,1000.0,998.8235294117646,2655.0573859506662,18.228575127733603,18.228575127733603,2.6581846620236353
Strategy_3025_BLZ,BLZ,1000.0000000000001,994.2857142857142,2775.7021653398824,29.4496985385965,29.449698538596493,2.7916544766349394
Strategy_3025_EGY,EGY,1000.0,1000.0,2630.1074832735617,19.22713838705461,19.22713838705461,2.630107483273562
Strategy_3025_LBY,LBY,1000.0,1000.0,4573.860836970243,33.402261286174834,33.402261286174834,4.573860836970243
Strategy_3025_MAR,MAR,1000.0,998.2352941176471,2511.965612261206,16.311437365971777,16.311437365971777,2.5164063293129346
Strategy_3025_MEX,MEX,1000.0,996.6666666666667,2490.7025223922624,14.00568980886842,14.00568980886842,2.499032631162805
Strategy_3025_UGA,UGA,1000.0,999.9999999999998,2333.1165262263994,123.7862635642911,123.7862635642911,2.3331165262263998
Strategy_3026_BGR,BGR,1000.0,1000.0,2664.951345964614,18.7116580007811,18.7116580007811,2.664951345964614
Strategy_3026_BLZ,BLZ,1000.0,994.2857142857142,2769.542578406395,29.76995638916978,29.76995638916978,2.785459489776547
Strategy_3026_EGY,EGY,1000.0,1000.0,2611.38625005433,20.143864946883323,20.143864946883323,2.61138625005433
Strategy_3026_LBY,LBY,1000.0,998.5714285714286,4646.280225188345,35.03760206271572,35.03760206271572,4.652927264137112
Strategy_3026_MAR,MAR,1000.0,999.5238095238095,2514.999005676418,16.63705252533518,16.63705252533518,2.516197194816807
Strategy_3026_MEX,MEX,1000.0,997.8571428571428,2477.6093735105196,14.159555574040736,14.159555574040736,2.482929937662654
Strategy_3026_UGA,UGA,1000.0,994.2857142857143,2328.838186358699,125.57692344686816,125.57692344686816,2.342222313866508
Strategy_3027_BGR,BGR,1000.0,1000.0000000000001,2676.449520284188,27.749367483309875,27.749367483309875,2.6764495202841876
Strategy_3027_BLZ,BLZ,1000.0,1000.0,2258.676515896489,53.9105517839592,53.9105517839592,2.258676515896489
Strategy_3027_EGY,EGY,1000.0,1000.0,1753.8959628440473,42.74857698444066,42.74857698444066,1.7538959628440474
Strategy_3027_LBY,LBY,1000.0,1000.0,4308.154124286503,29.325349576164996,29.325349576164996,4.308154124286503
Strategy_3027_MAR,MAR,1000.0,999.9999999999999,2452.5074730390083,32.8858899594344,32.8858899594344,2.4525074730390086
Strategy_3027_MEX,MEX,1000.0,1000.0,2145.69016561591,18.46751847179503,18.46751847179503,2.14569016561591
Strategy_3027_UGA,UGA,1000.0,1000.0,1273.2414798009138,202.7515644206122,202.7515644206122,1.2732414798009137
Strategy_3028_BGR,BGR,1000.0,1000.0,2631.097158173732,27.47200272645503,27.47200272645503,2.6310971581737324
Strategy_3028_BLZ,BLZ,1000.0,986.3492063492064,2251.6993193268813,49.46143523924509,49.46143523924509,2.2828622001543857
Strategy_3028_EGY,EGY,1000.0,1000.0,1839.2575830232536,40.59620378019698,40.59620378019698,1.8392575830232536
Strategy_3028_LBY,LBY,1000.0,997.1428571428572,4071.659717481679,32.348329066685466,32.348329066685466,4.08332636423664
Strategy_3028_MAR,MAR,1000.0,999.047619047619,2424.7761193814445,31.832334150242428,31.832334150242428,2.42708763141136
Strategy_3028_MEX,MEX,1000.0,997.3809523809525,2172.016125337129,19.0676346041634,19.0676346041634,2.1777196768717926
Strategy_3028_UGA,UGA,1000.0,991.9047619047619,1413.8913903364921,184.73896297863632,184.73896297863632,1.4254305903536406
Strategy_3029_BGR,BGR,1000.0000000000003,988.2352941176468,2294.5770152113996,21.747310880873506,21.747310880873496,2.321893408249631
Strategy_3029_BLZ,BLZ,999.999999999999,948.571428571428,2225.3943470534955,27.47220247121475,27.47220247121478,2.3460482574359154
Strategy_3029_EGY,EGY,999.9999999999991,999.9999999999997,2338.9978067353104,23.390896617760486,23.390896617760507,2.338997806735311
Strategy_3029_LBY,LBY,1000.0000000000009,1000.0000000000006,2379.3779345798325,27.59204885383868,27.592048853838655,2.379377934579831
Strategy_3029_MAR,MAR,999.9999999999994,982.9411764705883,2282.3574273195927,24.53950599524253,24.539505995242543,2.3219674604687657
Strategy_3029_MEX,MEX,1000.0000000000007,964.5238095238101,2372.8539065760465,19.692507938319473,19.69250793831946,2.460129945104762
Strategy_3029_UGA,UGA,1000.0000000000001,994.2857142857142,1989.3329133739826,81.63218127163348,81.63218127163347,2.000765861151994
Strategy_3030_BGR,BGR,999.9999999999997,999.4117647058827,2433.452484265166,24.95749682652047,24.957496826520476,2.4348847694236495
Strategy_3030_BLZ,BLZ,999.9999999999997,938.3380018674137,2243.2141855036652,30.718149198277544,30.718149198277555,2.3906248932041327
Strategy_3030_EGY,EGY,999.9999999999997,1000.0000000000003,2202.604970407555,30.026322947221594,30.026322947221605,2.2026049704075543
Strategy_3030_LBY,LBY,999.9999999999997,985.0420168067228,3140.45118141708,40.78358775543373,40.78358775543374,3.1881393157194378
Strategy_3030_MAR,MAR,999.9999999999997,990.6022408963587,2299.2140291606834,25.74960696206077,25.749606962060778,2.3210264768634192
Strategy_3030_MEX,MEX,999.9999999999997,979.5238095238099,2264.8843354166274,20.51039168163577,20.510391681635777,2.312229997265394
Strategy_3030_UGA,UGA,999.9999999999997,957.6190476190477,1997.9148271565382,105.05109726544894,105.05109726544897,2.0863357220431276
Strategy_3035_BGR,BGR,1000.0000000000001,998.8235294117648,2715.860759808762,20.195032384768353,20.19503238476835,2.719059653518784
Strategy_3035_BLZ,BLZ,1000.0000000000002,956.5079365079367,2660.886959166389,26.404308077728924,26.404308077728917,2.78187650891939
Strategy_3035_EGY,EGY,1000.0000000000002,1000.0000000000001,2640.898461925068,28.29983277816461,28.299832778164603,2.640898461925068
Strategy_3035_LBY,LBY,1000.0000000000002,1000.0000000000002,4501.438570639247,32.76551822098841,32.765518220988405,4.5014385706392455
Strategy_3035_MAR,MAR,1000.0000000000001,998.2352941176473,2608.2799077393474,19.138980711081594,19.13898071108159,2.612890891665816
Strategy_3035_MEX,MEX,1000.0000000000002,996.6666666666667,2580.0983851326305,17.020823561867054,17.02082356186705,2.5887274767217026
Strategy_3035_UGA,UGA,1000.0000000000001,1000.0,2470.724502582533,168.4580473651307,168.45804736513068,2.470724502582533
Strategy_3036_BGR,BGR,1000.0,1000.0,2725.754719822711,20.67811525781585,20.67811525781585,2.725754719822711
Strategy_3036_BLZ,BLZ,1000.0,956.5079365079365,2654.727372232901,26.7245659283022,26.7245659283022,2.775436847837251
Strategy_3036_EGY,EGY,1000.0,1000.0000000000001,2622.177228705835,29.216559337993317,29.216559337993317,2.622177228705835
Strategy_3036_LBY,LBY,1000.0,998.5714285714288,4573.857958857349,34.40085899752929,34.40085899752929,4.5804013894136535
Strategy_3036_MAR,MAR,1000.0,999.5238095238095,2611.3133011545597,19.464595870444995,19.464595870444995,2.6125573760955576
Strategy_3036_MEX,MEX,1000.0,997.8571428571428,2567.005236250887,17.17468932703937,17.17468932703937,2.5725177743387557
Strategy_3036_UGA,UGA,1000.0,994.2857142857144,2466.4461627148316,170.24870724770776,170.24870724770776,2.480621140661468
Strategy_3039_BGR,BGR,1000.0,998.2352941176471,2635.9435434176726,18.321163157218884,18.321163157218884,2.640603431826779
Strategy_3039_BLZ,BLZ,1000.0,994.2857142857142,2746.179237600594,29.32968393402716,29.32968393402716,2.7619618768971494
Strategy_3039_EGY,EGY,1000.0,999.9999999999999,2615.47134932706,19.475388213674368,19.475388213674368,2.6154713493270605
Strategy_3039_LBY,LBY,1000.0,1000.0000000000001,4427.339497515167,32.98658096835112,32.98658096835112,4.427339497515167
Strategy_3039_MAR,MAR,1000.0,997.0588235294119,2496.224105714467,17.01094205196417,17.01094205196417,2.5035875986516776
Strategy_3039_MEX,MEX,1000.0,995.0000000000001,2479.886923572907,14.35249643383109,14.35249643383109,2.492348666907444
Strategy_3039_UGA,UGA,1000.0,999.9999999999999,2309.362441806069,120.46667164376092,120.46667164376092,2.309362441806069
Strategy_3040_BGR,BGR,1000.0,1000.0,2658.543344148515,18.926516799625134,18.926516799625134,2.6585433441485153
Strategy_3040_BLZ,BLZ,1000.0,992.063492063492,2744.000306850565,29.820596191042974,29.820596191042974,2.7659523093053693
Strategy_3040_EGY,EGY,1000.0,1000.0,2592.470917887499,20.493428408787327,20.493428408787327,2.592470917887499
Strategy_3040_LBY,LBY,1000.0,998.5714285714287,4573.95007778254,34.74157886394658,34.74157886394658,4.580493640125575
Strategy_3040_MAR,MAR,1000.0,999.5238095238096,2511.035959613794,16.991570519358728,16.991570519358728,2.512232260690313
Strategy_3040_MEX,MEX,1000.0,997.8571428571429,2474.112304181637,14.434755173669652,14.434755173669652,2.479425358521325
Strategy_3040_UGA,UGA,1000.0,994.2857142857143,2319.6559244918144,125.07699029160037,125.07699029160037,2.3329872803796983
Strategy_3041_BGR,BGR,1000.0000000000007,1000.0000000000005,2482.0473281270874,21.161997030444805,21.16199703044479,2.4820473281270865
Strategy_3041_BLZ,BLZ,1000.0000000000007,1000.0000000000007,2558.4077780339217,22.759484925917096,22.759484925917082,2.55840777803392
Strategy_3041_EGY,EGY,1000.0000000000007,1000.0000000000006,2390.7453565039277,23.299987552187265,23.29998755218725,2.3907453565039263
Strategy_3041_LBY,LBY,1000.0000000000007,1000.0000000000005,2839.950793975791,30.869108602192565,30.869108602192544,2.8399507939757895
Strategy_3041_MAR,MAR,1000.0000000000007,1000.0000000000005,2445.7492578362067,20.231772204480116,20.2317722044801,2.4457492578362054
Strategy_3041_MEX,MEX,1000.0000000000007,1000.0000000000005,2508.846713332887,18.62346536687577,18.62346536687576,2.508846713332886
Strategy_3041_UGA,UGA,1000.0000000000007,1000.0000000000006,2478.2176906701966,44.663865691361885,44.663865691361856,2.478217690670195
Strategy_3042_BGR,BGR,999.9999999999993,999.9999999999994,2554.9046172165554,22.17287307807464,22.172873078074655,2.554904617216557
Strategy_3042_BLZ,BLZ,999.9999999999993,986.3492063492058,2589.947677718982,25.735712949490377,25.735712949490395,2.625791820024074
Strategy_3042_EGY,EGY,999.9999999999993,999.9999999999995,2412.8760443014753,25.52943831627196,25.52943831627198,2.4128760443014765
Strategy_3042_LBY,LBY,999.9999999999993,997.1428571428567,3321.9221880541118,35.20910957441592,35.20910957441594,3.331440589739082
Strategy_3042_MAR,MAR,999.9999999999993,999.0476190476186,2475.1661647866367,21.516951755328293,21.516951755328307,2.477525713084814
Strategy_3042_MEX,MEX,999.9999999999993,999.0476190476187,2490.5092832457453,18.428646221275606,18.428646221275617,2.4928834579676202
Strategy_3042_UGA,UGA,999.9999999999993,995.2380952380947,2389.501728071505,77.59450005944953,77.59450005944959,2.400934750693858
Strategy_3043_BGR,BGR,1000.0,998.2352941176471,2635.9435434176726,18.321163157218884,18.321163157218884,2.640603431826779
Strategy_3043_BLZ,BLZ,1000.0,994.2857142857142,2746.179237600594,29.32968393402716,29.32968393402716,2.7619618768971494
Strategy_3043_EGY,EGY,1000.0,999.9999999999999,2615.47134932706,19.475388213674368,19.475388213674368,2.6154713493270605
Strategy_3043_LBY,LBY,1000.0,1000.0000000000001,4427.339497515167,32.98658096835112,32.98658096835112,4.427339497515167
Strategy_3043_MAR,MAR,1000.0,997.0588235294119,2496.224105714467,17.01094205196417,17.01094205196417,2.5035875986516776
Strategy_3043_MEX,MEX,1000.0,995.0000000000001,2479.886923572907,14.35249643383109,14.35249643383109,2.492348666907444
Strategy_3043_UGA,UGA,1000.0,999.9999999999999,2309.362441806069,120.46667164376092,120.46667164376092,2.309362441806069
Strategy_3044_BGR,BGR,1000.0,1000.0,2658.543344148515,18.926516799625134,18.926516799625134,2.6585433441485153
Strategy_3044_BLZ,BLZ,1000.0,992.063492063492,2744.000306850565,29.820596191042974,29.820596191042974,2.7659523093053693
Strategy_3044_EGY,EGY,1000.0,1000.0,2592.470917887499,20.493428408787327,20.493428408787327,2.592470917887499
Strategy_3044_LBY,LBY,1000.0,998.5714285714287,4573.95007778254,34.74157886394658,34.74157886394658,4.580493640125575
Strategy_3044_MAR,MAR,1000.0,999.5238095238096,2511.035959613794,16.991570519358728,16.991570519358728,2.512232260690313
Strategy_3044_MEX,MEX,1000.0,997.8571428571429,2474.112304181637,14.434755173669652,14.434755173669652,2.479425358521325
Strategy_3044_UGA,UGA,1000.0,994.2857142857143,2319.6559244918144,125.07699029160037,125.07699029160037,2.3329872803796983
Strategy_3059_BGR,BGR,1000.0,1000.0,2607.8895801446533,23.905289849068026,23.905289849068026,2.6078895801446533
Strategy_3059_BLZ,BLZ,1000.0,1000.0,2385.5428641502417,44.43138821447398,44.43138821447398,2.3855428641502416
Strategy_3059_EGY,EGY,1000.0,999.9999999999998,2035.4833936168966,33.55980937564231,33.55980937564231,2.035483393616897
Strategy_3059_LBY,LBY,1000.0,999.9999999999999,4263.149687843201,29.864702972612864,29.864702972612864,4.263149687843201
Strategy_3059_MAR,MAR,1000.0,990.0,2404.873262029524,26.10030048650542,26.10030048650542,2.4291649111409335
Strategy_3059_MEX,MEX,1000.0,990.0,2217.067953488531,16.784626227760203,16.784626227760203,2.2394625792813447
Strategy_3059_UGA,UGA,1000.0,1000.0,1652.8241533223063,165.37361307100508,165.37361307100508,1.6528241533223063
Strategy_3060_BGR,BGR,1000.0,999.9999999999998,2531.4220937765926,24.610486559085437,24.610486559085437,2.531422093776593
Strategy_3060_BLZ,BLZ,1000.0,972.6984126984127,2321.799100839681,37.983755935079664,37.983755935079664,2.386967091267949
Strategy_3060_EGY,EGY,1000.0,1000.0,2112.3427903951388,32.14148335912143,32.14148335912143,2.1123427903951386
Strategy_3060_LBY,LBY,1000.0,994.2857142857142,3722.556910259928,35.32155080134095,35.32155080134095,3.743950915491307
Strategy_3060_MAR,MAR,1000.0,990.5952380952378,2361.28824583481,26.197201880963053,26.197201880963053,2.3837064373287356
Strategy_3060_MEX,MEX,1000.0,983.9285714285713,2240.722063926726,18.647725151798397,18.647725151798397,2.277321879852934
Strategy_3060_UGA,UGA,1000.0,977.1428571428569,1808.8921388719036,136.41528216182496,136.41528216182496,1.8512054052782645
Strategy_3061_BGR,BGR,1000.0000000000008,991.7647058823535,2337.1437180921366,21.285139014317224,21.285139014317206,2.3565506054309786
Strategy_3061_BLZ,BLZ,999.9999999999991,965.7142857142853,2294.2283255211723,26.294918874273442,26.294918874273467,2.3756802187349426
Strategy_3061_EGY,EGY,1000.000000000001,1000.0000000000007,2335.0101315977417,23.148937039912234,23.14893703991221,2.3350101315977403
Strategy_3061_LBY,LBY,1000.0000000000008,1000.0000000000005,2471.9853586672366,27.987493195892434,27.98749319589241,2.4719853586672356
Strategy_3061_MAR,MAR,1000.0000000000001,988.2352941176468,2307.3408570596207,23.1437868221161,23.143786822116095,2.3348092005960455
Strategy_3061_MEX,MEX,999.9999999999989,974.523809523809,2398.8664845602393,19.518309034747805,19.518309034747826,2.4615781175550966
Strategy_3061_UGA,UGA,1000.0000000000008,994.2857142857149,2108.571990303963,71.24692595759394,71.24692595759389,2.120690220133295
Strategy_3062_BGR,BGR,1000.0000000000002,999.4117647058828,2468.7980090332126,24.39770440430268,24.397704404302672,2.4702510979143377
Strategy_3062_BLZ,BLZ,1000.0000000000002,946.274509803922,2311.776626083485,30.612917751981687,30.61291775198168,2.4430295882772004
Strategy_3062_EGY,EGY,1000.0000000000002,1000.0000000000006,2251.350842978058,29.61562519133381,29.615625191333802,2.2513508429780567
Strategy_3062_LBY,LBY,1000.0000000000002,986.4705882352944,3340.5523281127844,40.32741996100296,40.32741996100295,3.386367893733889
Strategy_3062_MAR,MAR,1000.0000000000002,993.5784313725494,2337.5502598226885,24.9288443031044,24.92884430310439,2.352658014721142
Strategy_3062_MEX,MEX,1000.0000000000002,985.8333333333336,2310.3537627886462,19.985108626304687,19.985108626304683,2.343554112718829
Strategy_3062_UGA,UGA,1000.0000000000002,966.666666666667,2052.2720978910074,109.20161960407611,109.20161960407609,2.1230401012665587
Strategy_4002_BGR,BGR,1000.0000000000005,991.7647058823535,2496.246205673043,21.83005195999663,21.83005195999662,2.516974228733197
Strategy_4002_BLZ,BLZ,1000.0000000000003,917.9831932773116,2362.2838315991035,26.86387067046965,26.86387067046964,2.573341046871962
Strategy_4002_EGY,EGY,999.9999999999994,999.9999999999994,2341.1471798142084,27.33994583475824,27.339945834758254,2.3411471798142096
Strategy_4002_LBY,LBY,1000.0000000000003,964.7058823529417,3262.6748344068965,31.735324386373776,31.73532438637376,3.3820409868851957
Strategy_4002_MAR,MAR,999.9999999999994,990.5882352941171,2390.075396698692,22.9451200785358,22.945120078535815,2.412783951536686
Strategy_4002_MEX,MEX,999.9999999999995,993.3333333333328,2431.222918142301,19.04812825544177,19.048128255441778,2.4475398504788277
Strategy_4002_UGA,UGA,999.9999999999995,999.9999999999995,2198.618069328074,104.64104134794891,104.64104134794896,2.198618069328075
Strategy_4003_BGR,BGR,1000.0,1000.0,2681.8933215826105,20.845500429113265,20.845500429113265,2.6818933215826104
Strategy_4003_BLZ,BLZ,1000.0,999.9999999999999,2657.5868633300042,36.515288492518046,36.515288492518046,2.6575868633300046
Strategy_4003_EGY,EGY,1000.0,999.9999999999999,2390.095539297424,25.908727382001334,25.908727382001334,2.390095539297424
Strategy_4003_LBY,LBY,1000.0,1000.0,4621.827359314558,32.63420072844159,32.63420072844159,4.621827359314557
Strategy_4003_MAR,MAR,1000.0,1000.0,2511.718679022003,20.643122722754207,20.643122722754207,2.511718679022003
Strategy_4003_MEX,MEX,1000.0,1000.0,2398.9495361547497,14.981563399884005,14.981563399884005,2.3989495361547495
Strategy_4003_UGA,UGA,1000.0,1000.0,2056.87410780293,147.86905132950758,147.86905132950758,2.0568741078029302
Strategy_4004_BGR,BGR,1000.0,1000.0,2676.6310797975107,20.88766784393535,20.88766784393535,2.676631079797511
Strategy_4004_BLZ,BLZ,1000.0,1000.0000000000001,2657.1879124201223,35.98107232972783,35.98107232972783,2.657187912420122
Strategy_4004_EGY,EGY,1000.0,999.9999999999999,2390.9450070226158,25.856286017707944,25.856286017707944,2.390945007022616
Strategy_4004_LBY,LBY,1000.0,999.9999999999999,4554.77446752842,32.61524958989447,32.61524958989447,4.5547744675284205
Strategy_4004_MAR,MAR,1000.0,999.9999999999998,2511.4912094250876,20.664365317570148,20.664365317570148,2.5114912094250883
Strategy_4004_MEX,MEX,1000.0,1000.0,2404.4120755423546,15.123911457072513,15.123911457072513,2.404412075542355
Strategy_4004_UGA,UGA,1000.0,999.9999999999998,2074.607483441051,143.96618389307235,143.96618389307235,2.0746074834410515
Strategy_4005_BGR,BGR,1000.0,1000.0,2681.8933215826105,20.845500429113265,20.845500429113265,2.6818933215826104
Strategy_4005_BLZ,BLZ,1000.0,999.9999999999999,2657.5868633300042,36.515288492518046,36.515288492518046,2.6575868633300046
Strategy_4005_EGY,EGY,1000.0,999.9999999999999,2390.095539297424,25.908727382001334,25.908727382001334,2.390095539297424
Strategy_4005_LBY,LBY,1000.0,1000.0,4621.827359314558,32.63420072844159,32.63420072844159,4.621827359314557
Strategy_4005_MAR,MAR,1000.0,1000.0,2511.718679022003,20.643122722754207,20.643122722754207,2.511718679022003
Strategy_4005_MEX,MEX,1000.0,1000.0,2398.9495361547497,14.981563399884005,14.981563399884005,2.3989495361547495
Strategy_4005_UGA,UGA,1000.0,1000.0,2056.87410780293,147.86905132950758,147.86905132950758,2.0568741078029302
Strategy_4006_BGR,BGR,1000.0,1000.0,2681.8933215826105,20.845500429113265,20.845500429113265,2.6818933215826104
Strategy_4006_BLZ,BLZ,1000.0,999.9999999999999,2657.5868633300042,36.515288492518046,36.515288492518046,2.6575868633300046
Strategy_4006_EGY,EGY,1000.0,999.9999999999999,2390.095539297424,25.908727382001334,25.908727382001334,2.390095539297424
Strategy_4006_LBY,LBY,1000.0,1000.0,4621.827359314558,32.63420072844159,32.63420072844159,4.621827359314557
Strategy_4006_MAR,MAR,1000.0,1000.0,2511.718679022003,20.643122722754207,20.643122722754207,2.511718679022003
Strategy_4006_MEX,MEX,1000.0,1000.0,2398.9495361547497,14.981563399884005,14.981563399884005,2.3989495361547495
Strategy_4006_UGA,UGA,1000.0,1000.0,2056.87410780293,147.86905132950758,147.86905132950758,2.0568741078029302
Strategy_4007_BGR,BGR,1000.0,1000.0,2681.8933215826105,20.845500429113265,20.845500429113265,2.6818933215826104
Strategy_4007_BLZ,BLZ,1000.0,999.9999999999999,2657.5868633300042,36.515288492518046,36.515288492518046,2.6575868633300046
Strategy_4007_EGY,EGY,1000.0,999.9999999999999,2390.095539297424,25.908727382001334,25.908727382001334,2.390095539297424
Strategy_4007_LBY,LBY,1000.0,1000.0,4621.827359314558,32.63420072844159,32.63420072844159,4.621827359314557
Strategy_4007_MAR,MAR,1000.0,1000.0,2511.718679022003,20.643122722754207,20.643122722754207,2.511718679022003
Strategy_4007_MEX,MEX,1000.0,1000.0,2398.9495361547497,14.981563399884005,14.981563399884005,2.3989495361547495
Strategy_4007_UGA,UGA,1000.0,1000.0,2056.87410780293,147.86905132950758,147.86905132950758,2.0568741078029302
